{
    "target_ra": 31.556160000000002,
    "target_dec": -1.2381199999999999,
    "geometry": {
        "semimajor_axis_arcsec": 2.6607988165680485,
        "ellipticity": 0.2887151310228233,
        "theta_deg": 4.412510566356701,
        "annulus_gap_arcsec": 6.981403212172442,
        "annulus_width_arcsec": 0.7453296703296702
    },
    "pixel_geometry": {
        "a": 42.23088212717287,
        "b": 30.038187460616747,
        "theta_rad": 0.07701283766196416,
        "annulus_a_in": 153.0362591814964,
        "annulus_a_out": 164.86576288451414
    },
    "masks_pixel_coords": [
        [
            257.5413996437419,
            231.23153702831632,
            2.276838546069252
        ],
        [
            253.8559714174566,
            229.84950144345936,
            2.276838546069252
        ],
        [
            250.63122171945696,
            227.54610880203103,
            2.276838546069252
        ],
        [
            247.40647202145732,
            225.70339468888835,
            2.276838546069252
        ],
        [
            244.18172232345773,
            224.3213591040314,
            2.276838546069252
        ],
        [
            240.49629409717244,
            223.40000204746008,
            2.276838546069252
        ],
        [
            261.2268278700272,
            233.5349296697446,
            2.276838546069252
        ],
        [
            260.3054708134559,
            233.5349296697446,
            2.276838546069252
        ],
        [
            227.13661677688822,
            254.72614197088507,
            2.276838546069252
        ],
        [
            224.3725456071743,
            256.10817755574203,
            2.276838546069252
        ],
        [
            223.91186707888863,
            257.02953461231334,
            2.276838546069252
        ],
        [
            223.45118855060292,
            261.1756413668843,
            2.276838546069252
        ],
        [
            222.5298314940316,
            266.70378370631227,
            2.276838546069252
        ],
        [
            222.06915296574596,
            272.2319260457402,
            2.276838546069252
        ],
        [
            222.5298314940316,
            263.4790340083126,
            2.276838546069252
        ],
        [
            221.6084744374603,
            266.2431051780266,
            2.276838546069252
        ],
        [
            221.6084744374603,
            268.08581929116923,
            2.276838546069252
        ],
        [
            221.6084744374603,
            269.00717634774054,
            2.276838546069252
        ],
        [
            222.06915296574596,
            271.31056898916887,
            2.276838546069252
        ],
        [
            223.45118855060292,
            275.4566757437398,
            2.276838546069252
        ],
        [
            260.3054708134559,
            233.5349296697446,
            2.276838546069252
        ],
        [
            241.8783296820294,
            225.2427161606027,
            2.276838546069252
        ],
        [
            237.73222292745845,
            225.2427161606027,
            2.276838546069252
        ],
        [
            223.45118855060292,
            224.78203763231704,
            2.276838546069252
        ],
        [
            222.99051002231727,
            224.78203763231704,
            2.276838546069252
        ],
        [
            219.30508179603197,
            222.93932351917442,
            2.276838546069252
        ],
        [
            211.93422534346138,
            222.0179664626031,
            2.276838546069252
        ],
        [
            218.38372473946066,
            222.47864499088877,
            2.276838546069252
        ],
        [
            224.83322413545994,
            223.86068057574573,
            2.276838546069252
        ],
        [
            215.15897504146102,
            222.0179664626031,
            2.276838546069252
        ],
        [
            217.46236768288935,
            224.3213591040314,
            2.276838546069252
        ],
        [
            215.15897504146102,
            224.3213591040314,
            2.276838546069252
        ],
        [
            213.3162609283184,
            224.3213591040314,
            2.276838546069252
        ],
        [
            218.38372473946066,
            269.46785487602625,
            2.276838546069252
        ],
        [
            219.76576032431763,
            272.2319260457402,
            2.276838546069252
        ],
        [
            223.91186707888863,
            277.29938985688244,
            2.276838546069252
        ],
        [
            241.8783296820294,
            269.9285334043119,
            2.276838546069252
        ],
        [
            238.1929014557441,
            268.5464978194549,
            2.276838546069252
        ],
        [
            239.57493704060107,
            268.5464978194549,
            2.276838546069252
        ],
        [
            243.26036526688637,
            269.46785487602625,
            2.276838546069252
        ],
        [
            243.26036526688637,
            270.8498904608832,
            2.276838546069252
        ],
        [
            242.33900821031506,
            274.5353186871685,
            2.276838546069252
        ],
        [
            234.96815175774447,
            264.8610695931696,
            2.276838546069252
        ],
        [
            237.2715443991728,
            265.32174812145524,
            2.276838546069252
        ],
        [
            243.26036526688637,
            269.9285334043119,
            2.276838546069252
        ],
        [
            243.72104379517208,
            274.99599721545417,
            2.276838546069252
        ],
        [
            240.03561556888678,
            226.62475174545972,
            2.276838546069252
        ],
        [
            243.72104379517208,
            226.62475174545972,
            2.276838546069252
        ],
        [
            246.94579349317166,
            226.62475174545972,
            2.276838546069252
        ],
        [
            248.32782907802869,
            227.08543027374537,
            2.276838546069252
        ],
        [
            252.01325730431398,
            229.84950144345936,
            2.276838546069252
        ],
        [
            256.15936405888493,
            230.77085850003067,
            2.276838546069252
        ],
        [
            258.00207817202755,
            231.69221555660198,
            2.276838546069252
        ]
    ],
    "source": "import"
}